<?xml version="1.0" encoding="UTF-8"?>
<project-private xmlns="http://www.netbeans.org/ns/project-private/1">
    <editor-bookmarks xmlns="http://www.netbeans.org/ns/editor-bookmarks/2" lastBookmarkId="0"/>
    <open-files xmlns="http://www.netbeans.org/ns/projectui-open-files/2">
        <group>
            <file>file:/D:/Semester%204/Java-OOP/Project/PBO%20UTS/UTS%20PBO/src/posproject/LoginForm.java</file>
            <file>file:/D:/Semester%204/Java-OOP/Project/PBO%20UTS/UTS%20PBO/src/posproject/DBConnector.java</file>
            <file>file:/D:/Semester%204/Java-OOP/Project/PBO%20UTS/UTS%20PBO/src/posproject/DataTransaksi.java</file>
            <file>file:/D:/Semester%204/Java-OOP/Project/PBO%20UTS/UTS%20PBO/src/posproject/PosProject.java</file>
            <file>file:/D:/Semester%204/Java-OOP/Project/PBO%20UTS/UTS%20PBO/src/posproject/PosFrame.java</file>
            <file>file:/D:/Semester%204/Java-OOP/Project/PBO%20UTS/UTS%20PBO/src/posproject/Transaksi.java</file>
            <file>file:/D:/Semester%204/Java-OOP/Project/PBO%20UTS/UTS%20PBO/src/posproject/Barang.java</file>
        </group>
    </open-files>
</project-private>
